var pantries = 
[
 {
 "name": "Clemmons Food Pantry",
"street": "2585 Old Glory Rd.",
"city": "Clemmons",
"zip": 27012,
"latitude": 36.027,
"longitude": -80.385,
"type": "pantry",
"monday": "",
"tuesday": "4:00-6:00",
"wednesday": "",
"thursday": "4:00-7:00",
"friday": "",
"saturday": "9:00-11:00",
"sunday": "",
"frequency": "every 30 days",
"phone": "336.331.3432" 
},
{
 "name": "Iglesia Alianza Cristiana y Misionera",
"street": "4995 Hampton Rd.",
"city": "Clemmons",
"zip": 27012,
"latitude": 35.983,
"longitude": -80.368,
"type": "pantry",
"monday": "",
"tuesday": "",
"wednesday": "2nd evening",
"thursday": "",
"friday": "",
"saturday": "",
"sunday": "",
"frequency": "once a month",
"phone": "336.778.7575" 
},
{
 "name": "Morris Chapel",
"street": "2715 Darrow Rd.",
"city": "Winston-Salem",
"zip": 27051,
"latitude": 36.163,
"longitude": -80.146,
"type": "pantry",
"monday": "",
"tuesday": "10:00-11:00",
"wednesday": "",
"thursday": "10:00-11:00",
"friday": "",
"saturday": "",
"sunday": "",
"frequency": "2x a month",
"phone": "336.595.8101" 
},
{
 "name": "Catholic Charities of the Diocese of Charlotte, NC",
"street": "627 W. Second St.",
"city": "Winston-Salem",
"zip": 27101,
"latitude": 36.096,
"longitude": -80.251,
"type": "pantry",
"monday": "",
"tuesday": "",
"wednesday": "",
"thursday": "9:00-12:00",
"friday": "",
"saturday": "",
"sunday": "",
"frequency": "once a month",
"phone": "336.727.0705" 
},
{
 "name": "Centenary UMC",
"street": "657 W. Fifth St.",
"city": "Winston-Salem",
"zip": 27101,
"latitude": 36.099,
"longitude": -80.252,
"type": "pantry",
"monday": "",
"tuesday": "10:00-11:30",
"wednesday": "",
"thursday": "",
"friday": "",
"saturday": "",
"sunday": "",
"frequency": "once a month",
"phone": "336.397.1364" 
},
{
 "name": "Crisis Control",
"street": "200 E. 10th St.",
"city": "Winston-Salem",
"zip": 27101,
"latitude": 36.106,
"longitude": -80.243,
"type": "pantry",
"monday": "9:00-12:00     1:00-4:00",
"tuesday": "9:00-12:00                                         1:00-4:00                           5:00-7:00",
"wednesday": "9:00-12:00         1:00-4:00",
"thursday": "9:00-12:00    1:00-4:00",
"friday": "9:00-12:00     1:00-4:00",
"saturday": "",
"sunday": "",
"frequency": "once a month",
"phone": "336.724.7875" 
},
{
 "name": "Ephesus Seventh Day Adventist",
"street": "1225 N. Cleveland Ave.",
"city": "Winston-Salem",
"zip": 27101,
"latitude": 36.111,
"longitude": -80.229,
"type": "pantry",
"monday": "10:30-12:30",
"tuesday": "1st/3rd 10:30-12:30           2nd:10:30-2:30                    4th: 2:30-5:30",
"wednesday": "10:30-12:30",
"thursday": "",
"friday": "",
"saturday": "",
"sunday": "",
"frequency": "once a month",
"phone": "336.724.0491" 
},
{
 "name": "New Jerusalem Baptist Church",
"street": "1212 N. Dunleith Ave.",
"city": "Winston-Salem",
"zip": 27101,
"latitude":  36.11,
"longitude": -80.227,
"type": "pantry",
"monday": "11:00-2:00",
"tuesday": "",
"wednesday": "",
"thursday": "",
"friday": "",
"saturday": "",
"sunday": "",
"frequency": "once a month",
"phone": "336.723.9743" 
},
{
 "name": "New Zion Baptist Church",
"street": "158 Highland Ave.",
"city": "Winston-Salem",
"zip": 27101,
"latitude": 36.098,
"longitude": -80.234,
"type": "pantry",
"monday": "",
"tuesday": "",
"wednesday": "11:00-2:00",
"thursday": "",
"friday": "",
"saturday": "",
"sunday": "",
"frequency": "once a month",
"phone": "336.725.9644" 
},
{
 "name": "St. Benedict the Moor Catholic Church",
"street": "1625 E. 12th St.",
"city": "Winston-Salem",
"zip": 27101,
"latitude": 36.109,
"longitude": -80.224,
"type": "pantry",
"monday": "1st/3rd         3:00-5:00",
"tuesday": "",
"wednesday": "",
"thursday": "",
"friday": "",
"saturday": "",
"sunday": "",
"frequency": "2x a month",
"phone": "336.725.9200" 
},
{
 "name": "The Salvation Army",
"street": "901 Cleveland Ave.",
"city": "Winston-Salem",
"zip": 27101,
"latitude": 36.105,
"longitude": -80.231,
"type": "pantry",
"monday": "9:00-12:00",
"tuesday": "9:00-12:00",
"wednesday": "9:00-12:00",
"thursday": "9:00-12:00",
"friday": "9:00-12:00",
"saturday": "",
"sunday": "",
"frequency": "every 3 months",
"phone": "336.722.8721" 
},
{
 "name": "Transformed Lives",
"street": "2610 New Walkertown Rd.",
"city": "Winston-Salem",
"zip": 27101,
"latitude":  36.11,
"longitude": -80.213,
"type": "pantry",
"monday": "",
"tuesday": "",
"wednesday": "",
"thursday": "",
"friday": "Last Friday              9:00- 12:00",
"saturday": "",
"sunday": "",
"frequency": "once a month",
"phone": "336.293.7959" 
},
{
 "name": "WS Rescue Mission",
"street": "717 Oak St.",
"city": "Winston-Salem",
"zip": 27101,
"latitude": 36.103,
"longitude": -80.247,
"type": "pantry",
"monday": "",
"tuesday": "9:00 a.m.",
"wednesday": "",
"thursday": "",
"friday": "1:00 p.m.",
"saturday": "",
"sunday": "",
"frequency": "every 60 days",
"phone": "336.723.1848" 
},
{
 "name": "Ardmore United Methodist Church",
"street": "630 S. Hawthorne Rd.",
"city": "Winston-Salem",
"zip": 27103,
"latitude": 36.084,
"longitude": -80.27,
"type": "pantry",
"monday": "",
"tuesday": "",
"wednesday": "",
"thursday": "1st/3rd           5:30-7:30",
"friday": "",
"saturday": "",
"sunday": "",
"frequency": "once a month",
"phone": "336.723.3695" 
},
{
 "name": "Christ Church, Anglican Mission",
"street": "2252 Queen St.",
"city": "Winston-Salem",
"zip": 27103,
"latitude": 36.088,
"longitude": -80.276,
"type": "pantry",
"monday": "",
"tuesday": "",
"wednesday": "",
"thursday": "",
"friday": "",
"saturday": "3rd                                 9:00-11:00",
"sunday": "",
"frequency": "once a month",
"phone": "336.978.7382" 
},
{
 "name": "The Shalom Project",
"street": "639 Green St.",
"city": "Winston-Salem",
"zip": 27103,
"latitude": 36.085,
"longitude": -80.249,
"type": "pantry",
"monday": "",
"tuesday": "9:00-11:30",
"wednesday": "",
"thursday": "",
"friday": "",
"saturday": "",
"sunday": "",
"frequency": "once a month",
"phone": "336.721.0606" 
},
{
 "name": "Agape Care & Share, Inc.",
"street": "3650-G Patterson Ave.",
"city": "Winston-Salem",
"zip": 27105,
"latitude":  36.14,
"longitude": -80.244,
"type": "pantry",
"monday": "",
"tuesday": "9:00-12:00",
"wednesday": "9:00-12:00",
"thursday": "9:00-12:00",
"friday": "",
"saturday": "",
"sunday": "",
"frequency": "every 60 days",
"phone": "336.744.4004" 
},
{
 "name": "Alpha & Omega Church of Faith",
"street": "1445 Gray Ave",
"city": "Winston-Salem",
"zip": 27105,
"latitude": 36.114,
"longitude": -80.223,
"type": "pantry",
"monday": "",
"tuesday": "2nd/4th                               3:30-4:45",
"wednesday": "",
"thursday": "",
"friday": "",
"saturday": "",
"sunday": "",
"frequency": "once a month",
"phone": "336.748.8797" 
},
{
 "name": "Beulah Baptist Church",
"street": "1352 N. Trade",
"city": "Winston-Salem",
"zip": 27105,
"latitude": 36.112,
"longitude": -80.247,
"type": "pantry",
"monday": "",
"tuesday": "",
"wednesday": "",
"thursday": "",
"friday": "",
"saturday": "3rd                                       11:00 - 1:00",
"sunday": "",
"frequency": "once a month",
"phone": "336.722.2907" 
},
{
 "name": "Christ Kingdom Building Worship Center",
"street": "3894 Northampton Dr.",
"city": "Winston-Salem",
"zip": 27105,
"latitude":  36.14,
"longitude": -80.199,
"type": "pantry",
"monday": "",
"tuesday": "2:00-4:00                                     Bread / pastries",
"wednesday": "4:30-6:30            Bread / pastries",
"thursday": "",
"friday": "",
"saturday": "1st/3rd 10:00-noon    Bread / pastries                                 2nd / 4th  8:00-10:00  Full pantry",
"sunday": "",
"frequency": "once a month",
"phone": "336.725.1712" 
},
{
 "name": "Christ Rescue Temple",
"street": "1500 N. Dunleith Ave.",
"city": "Winston-Salem",
"zip": 27105,
"latitude": 36.113,
"longitude": -80.227,
"type": "pantry",
"monday": "",
"tuesday": "",
"wednesday": "",
"thursday": "",
"friday": "",
"saturday": "4th                                          10:00 - 11:00",
"sunday": "",
"frequency": "once a month",
"phone": "336.722.9841" 
},
{
 "name": "Dreamland Park Missionary Baptist",
"street": "2340 Dunbar St.",
"city": "Winston-Salem",
"zip": 27105,
"latitude": 36.115,
"longitude": -80.215,
"type": "pantry",
"monday": "2nd Monday 6:00-7:00",
"tuesday": "",
"wednesday": "",
"thursday": "",
"friday": "",
"saturday": "",
"sunday": "",
"frequency": "once a month",
"phone": "336.722.6709" 
},
{
 "name": "Iglesia Cristiana-El Aposento",
"street": "129 Lodge St.",
"city": "Winston-Salem",
"zip": 27105,
"latitude": 36.152,
"longitude": -80.263,
"type": "pantry",
"monday": "",
"tuesday": "",
"wednesday": "",
"thursday": "2nd/4th         4:00-7:00",
"friday": "",
"saturday": "",
"sunday": "",
"frequency": "once a month",
"phone": "336.661.1450" 
},
{
 "name": "Love Community Development",
"street": "3980 N. Liberty St.",
"city": "Winston-Salem",
"zip": 27105,
"latitude": 36.144,
"longitude": -80.227,
"type": "pantry",
"monday": "1:00-3:00",
"tuesday": "",
"wednesday": "1:00-3:00",
"thursday": "",
"friday": "1:00-3:00",
"saturday": "",
"sunday": "",
"frequency": "once a month",
"phone": "336.306.8119" 
},
{
 "name": "Senior Services",
"street": "2895 Shorefair Dr.",
"city": "Winston-Salem",
"zip": 27105,
"latitude": 36.128,
"longitude": -80.25,
"type": "pantry",
"monday": "1st               8:00-9:00 a.m.",
"tuesday": "",
"wednesday": "",
"thursday": "",
"friday": "",
"saturday": "",
"sunday": "",
"frequency": "once a month",
"phone": "336.725.0907" 
},
{
 "name": "St. John CME Church",
"street": "350 NW Crawford Place",
"city": "Winston-Salem",
"zip": 27105,
"latitude": 36.116,
"longitude": -80.248,
"type": "pantry",
"monday": "",
"tuesday": "",
"wednesday": "",
"thursday": "2nd/3rd           1:00-3:00",
"friday": "",
"saturday": "",
"sunday": "",
"frequency": "once a month",
"phone": "336.725.3968" 
},
{
 "name": "St Paul United Methodist Church",
"street": "2400 Dellabrook",
"city": "Winston-Salem",
"zip": 27105,
"latitude": 36.111,
"longitude": -80.213,
"type": "pantry",
"monday": "",
"tuesday": "",
"wednesday": "1:30-3:00",
"thursday": "",
"friday": "",
"saturday": "",
"sunday": "",
"frequency": "2x a month",
"phone": "" 
},
{
 "name": "St. Stephens Missionary Baptist",
"street": "5000 Noble St.",
"city": "Winston-Salem",
"zip": 27105,
"latitude": 36.144,
"longitude": -80.208,
"type": "pantry",
"monday": "",
"tuesday": "",
"wednesday": "",
"thursday": "2nd/3rd/4th            1:00-3:00",
"friday": "",
"saturday": "",
"sunday": "",
"frequency": "once a month",
"phone": "336.744.7303" 
},
{
 "name": "Tabernacle of Faith",
"street": "1410 Attucks St.",
"city": "Winston-Salem",
"zip": 27105,
"latitude": 36.115,
"longitude": -80.218,
"type": "pantry",
"monday": "",
"tuesday": "",
"wednesday": "",
"thursday": "3rd              12:00-2:00",
"friday": "",
"saturday": "",
"sunday": "",
"frequency": "once a month",
"phone": "336.777.1113" 
},
{
 "name": "Union Baptist Church",
"street": "406 E. Northwest Blvd.",
"city": "Winston-Salem",
"zip": 27105,
"latitude":  36.11,
"longitude": -80.248,
"type": "pantry",
"monday": "",
"tuesday": "",
"wednesday": "",
"thursday": "1st/3rd/5th                  1:00-3:00",
"friday": "",
"saturday": "",
"sunday": "",
"frequency": "every 60 days",
"phone": "336.724.9305 x223" 
},
{
 "name": "Bethabara Moravian Church",
"street": "2100 Bethabara Rd.",
"city": "Winston-Salem",
"zip": 27106,
"latitude": 36.152,
"longitude": -80.294,
"type": "pantry",
"monday": "",
"tuesday": "",
"wednesday": "10:00-12:00",
"thursday": "",
"friday": "",
"saturday": "",
"sunday": "",
"frequency": "once a month",
"phone": "336.924.8789" 
},
{
 "name": "Bridges Church-Bridging the Gap",
"street": "5490 Shattalon Dr.",
"city": "Winston-Salem",
"zip": 27106,
"latitude": 36.169,
"longitude": -80.296,
"type": "pantry",
"monday": "",
"tuesday": "",
"wednesday": "",
"thursday": "",
"friday": "4th                                                       9:30-11:00 a.m.                     6:00-7:30 p.m.",
"saturday": "",
"sunday": "",
"frequency": "once a month",
"phone": "336.782.2253" 
},
{
 "name": "Maple Springs UMC",
"street": "2569 Reynolda Rd.",
"city": "Winston-Salem",
"zip": 27106,
"latitude": 36.134,
"longitude": -80.291,
"type": "pantry",
"monday": "",
"tuesday": "9:00-10:50                               1:00-2:50",
"wednesday": "9:00-10:50                        1:00-2:50",
"thursday": "",
"friday": "",
"saturday": "",
"sunday": "",
"frequency": "once a month",
"phone": "336.722.7563" 
},
{
 "name": "Piney Grove Baptist Church",
"street": "4633 Grove Garden Dr.",
"city": "Winston-Salem",
"zip": 27106,
"latitude": 36.154,
"longitude": -80.271,
"type": "pantry",
"monday": "",
"tuesday": "11:00-3:00",
"wednesday": "",
"thursday": "11:00-3:00",
"friday": "",
"saturday": "",
"sunday": "",
"frequency": "every 6 months",
"phone": "336.744.8995" 
},
{
 "name": "Winston-Salem Friends Meeting",
"street": "3151 Reynolda Rd.",
"city": "Winston-Salem",
"zip": 27106,
"latitude": 36.149,
"longitude": -80.307,
"type": "pantry",
"monday": "",
"tuesday": "",
"wednesday": "",
"thursday": "",
"friday": "10:00-12:00",
"saturday": "",
"sunday": "",
"frequency": "once a month",
"phone": "336.725.8801" 
},
{
 "name": "Calvary Baptist Southside Campus",
"street": "2009 Peachtree St.",
"city": "Winston-Salem",
"zip": 27107,
"latitude": 36.069,
"longitude": -80.213,
"type": "pantry",
"monday": "",
"tuesday": "3rd                                            6:00-8:00",
"wednesday": "",
"thursday": "",
"friday": "",
"saturday": "",
"sunday": "",
"frequency": "once a month",
"phone": "336.714.5455" 
},
{
 "name": "Central Triad Church",
"street": "2935 Cole Rd.",
"city": "Winston-Salem",
"zip": 27107,
"latitude": 36.054,
"longitude": -80.168,
"type": "pantry",
"monday": "",
"tuesday": "",
"wednesday": "",
"thursday": "",
"friday": "",
"saturday": "4th                                   10:00 - 2:00",
"sunday": "",
"frequency": "once a month",
"phone": "336.784.0887" 
},
{
 "name": "Faithzone Christian Fellowship",
"street": "3700 Southdale Ave.",
"city": "Winston-Salem",
"zip": 27107,
"latitude": 36.045,
"longitude": -80.231,
"type": "pantry",
"monday": "",
"tuesday": "",
"wednesday": "",
"thursday": "",
"friday": "9:00-1:00",
"saturday": "",
"sunday": "",
"frequency": "once a month",
"phone": "336.744.4414" 
},
{
 "name": "Iglesia Weslyanan el Buen Samaritan",
"street": "2800 Ludwig St.",
"city": "Winston-Salem",
"zip": 27107,
"latitude":  36.06,
"longitude": -80.212,
"type": "pantry",
"monday": "",
"tuesday": "",
"wednesday": "3rd                                 8:00 -9:00 p.m.",
"thursday": "",
"friday": "",
"saturday": "",
"sunday": "",
"frequency": "once a month",
"phone": "336.785.0860" 
},
{
 "name": "Praise Assembly Christian Center",
"street": "3254 Kernersville Rd.",
"city": "Winston-Salem",
"zip": 27107,
"latitude": 36.078,
"longitude": -80.171,
"type": "pantry",
"monday": "",
"tuesday": "",
"wednesday": "",
"thursday": "",
"friday": "",
"saturday": "3rd                               11:30-1:30",
"sunday": "",
"frequency": "once a month",
"phone": "336.723.1020" 
},
{
 "name": "St. Peter's World Outreach",
"street": "3683 Old Lexington Rd.",
"city": "Winston-Salem",
"zip": 27107,
"latitude": 36.049,
"longitude": -80.222,
"type": "pantry",
"monday": "",
"tuesday": "9:00-12:00",
"wednesday": "",
"thursday": "9:00-12:00",
"friday": "",
"saturday": "1st & 3rd                             9:00-12:00",
"sunday": "",
"frequency": "every 60 days",
"phone": "336.650.0200" 
},
{
 "name": "Whole Man Ministries",
"street": "3916 Old Lexington Rd.",
"city": "Winston-Salem",
"zip": 27107,
"latitude": 36.038,
"longitude": -80.22,
"type": "pantry",
"monday": "",
"tuesday": "",
"wednesday": "",
"thursday": "",
"friday": "",
"saturday": "2nd/4th                               9:00-11:00",
"sunday": "",
"frequency": "once a month",
"phone": "336.785.2080" 
},
{
 "name": "AIDS Care Service",
"street": "995 Northwest Blvd.",
"city": "Winston-Salem",
"zip": 27127,
"latitude": 36.104,
"longitude": -80.26,
"type": "pantry",
"monday": "",
"tuesday": "",
"wednesday": "",
"thursday": "10:30-1:00",
"friday": "",
"saturday": "",
"sunday": "",
"frequency": "once a month",
"phone": "336.777.0116" 
},
{
 "name": "Cordero de Dios",
"street": "3 E. Devonshire St.",
"city": "Winston-Salem",
"zip": 27127,
"latitude": 36.069,
"longitude": -80.238,
"type": "pantry",
"monday": "1st                              5:00-7:00",
"tuesday": "",
"wednesday": "",
"thursday": "",
"friday": "",
"saturday": "",
"sunday": "",
"frequency": "once a month",
"phone": "336.692.2728" 
},
{
 "name": "Central Terrace UMC",
"street": "3 E. Devonshire St.",
"city": "Winston-Salem",
"zip": 27127,
"latitude": 36.069,
"longitude": -80.238,
"type": "pantry",
"monday": "",
"tuesday": "",
"wednesday": "",
"thursday": "3rd                  5:00-7:00",
"friday": "",
"saturday": "",
"sunday": "",
"frequency": "once a month",
"phone": "336.777.8404" 
},
{
 "name": "Central Terrace UMC Taking it to the Streets mobile pantry",
"street": "various drop sites in Forsyth Co",
"city": "",
"zip": 27127,
"latitude": null,
"longitude": null,
"type": "pantry",
"monday": "",
"tuesday": "",
"wednesday": "",
"thursday": "",
"friday": "",
"saturday": "",
"sunday": "",
"frequency": "once a month",
"phone": "336.986.2885" 
},
{
 "name": "Iglesia Nueva Vida",
"street": "4423 S. Main St.",
"city": "Winston-Salem",
"zip": 27127,
"latitude":  36.03,
"longitude": -80.242,
"type": "pantry",
"monday": "",
"tuesday": "2nd                                    7:30-9:00",
"wednesday": "",
"thursday": "",
"friday": "",
"saturday": "",
"sunday": "",
"frequency": "once a month",
"phone": "336.720.9204" 
},
{
 "name": "RICH Food Pantry",
"street": "5307 Peters Creek Pky",
"city": "Winston-Salem",
"zip": 27127,
"latitude": 35.997,
"longitude": -80.266,
"type": "pantry",
"monday": "",
"tuesday": "",
"wednesday": "",
"thursday": "",
"friday": "",
"saturday": "1st/4th                              10:00-11:30",
"sunday": "",
"frequency": "once a month",
"phone": "336.784.9347" 
},
{
 "name": "Sunnyside Ministry",
"street": "319 Haled St.",
"city": "Winston-Salem",
"zip": 27127,
"latitude": 36.072,
"longitude": -80.233,
"type": "pantry",
"monday": "9:00-11:00                1:00-3:00",
"tuesday": "9:00-11:00                             1:00-3:00",
"wednesday": "9:00-11:00        1:00-3:00",
"thursday": "9:00-11:00        1:00-3:00",
"friday": "9:00-11:00",
"saturday": "",
"sunday": "",
"frequency": "once a month",
"phone": "336.724.7558" 
},
{
 "name": "Iglesia Cristiana Wesleyana",
"street": "177 Clay Flint Rd.",
"city": "Kernersville",
"zip": 27284,
"latitude": 36.128,
"longitude": -80.053,
"type": "pantry",
"monday": "",
"tuesday": "",
"wednesday": "",
"thursday": "",
"friday": "",
"saturday": "3:00-5:00",
"sunday": "1:00-4:00",
"frequency": "once a week",
"phone": "336.413.8004" 
},
{
 "name": "Mt. Moriah Outreach Center",
"street": "317 Jefferson St.",
"city": "Kernersville",
"zip": 27284,
"latitude":  36.12,
"longitude": -80.066,
"type": "pantry",
"monday": "",
"tuesday": "",
"wednesday": "",
"thursday": "",
"friday": "",
"saturday": "3rd                               11:00-1:00",
"sunday": "",
"frequency": "once a month",
"phone": "336.608.6266" 
},
{
 "name": "Next Step Ministries, Inc.",
"street": "Call for assistance",
"city": "Kernersville",
"zip": 27284,
"latitude":  36.12,
"longitude": -80.074,
"type": "pantry",
"monday": "",
"tuesday": "",
"wednesday": "",
"thursday": "",
"friday": "",
"saturday": "",
"sunday": "",
"frequency": "once a month",
"phone": "336.413.3156" 
},
{
 "name": "Goler Institute for Development and Education",
"street": "630 N. Patterson Ave.",
"city": "Winston-Salem",
"zip": 27101,
"latitude": null,
"longitude": null,
"type": "onsite",
"monday": "",
"tuesday": "",
"wednesday": "",
"thursday": "5:30-7:00 p.m.",
"friday": "",
"saturday": "",
"sunday": "",
"frequency": "4 x monthly",
"phone": "" 
},
{
 "name": "Samaritan Ministries",
"street": "1243 Patterson Ave.",
"city": "Winston-Salem",
"zip": 27101,
"latitude": null,
"longitude": null,
"type": "onsite",
"monday": "10:30-1:00",
"tuesday": "10:30-1:00",
"wednesday": "10:30-1:00",
"thursday": "10:30-1:00",
"friday": "10:30-1:00",
"saturday": "10:30-1:00",
"sunday": "10:30-1:00",
"frequency": "Daily",
"phone": "336.748.1962" 
},
{
 "name": "The Salvation Army - Trade St.",
"street": "1255 N Trade St.",
"city": "Winston-Salem",
"zip": 27101,
"latitude": null,
"longitude": null,
"type": "onsite",
"monday": "Breakfast 6:45 Dinner 5:45",
"tuesday": "Breakfast 6:45 Dinner 5:45",
"wednesday": "Breakfast 6:45 Dinner 5:45",
"thursday": "Breakfast 6:45 Dinner 5:45",
"friday": "Breakfast 6:45 Dinner 5:45",
"saturday": "Breakfast 6:45 Dinner 5:45",
"sunday": "Breakfast 6:45 Dinner 5:45",
"frequency": "Daily",
"phone": "336.723.9155" 
},
{
 "name": "The Shalom Project",
"street": "639 Green St.",
"city": "Winston-Salem",
"zip": 27103,
"latitude": null,
"longitude": null,
"type": "onsite",
"monday": "",
"tuesday": "",
"wednesday": "6:00-7:00",
"thursday": "",
"friday": "",
"saturday": "",
"sunday": "",
"frequency": "Weekly",
"phone": "336.721.0606" 
},
{
 "name": "Christ Rescue Temple",
"street": "1500 N. Dunleith Ave.",
"city": "Winston-Salem",
"zip": 27105,
"latitude": null,
"longitude": null,
"type": "onsite",
"monday": "",
"tuesday": "",
"wednesday": "",
"thursday": "12:00-1:00 p.m.",
"friday": "",
"saturday": "",
"sunday": "",
"frequency": "Weekly",
"phone": "" 
},
{
 "name": "Tabernacle of Faith",
"street": "1410 Attucks St.",
"city": "Winston-Salem",
"zip": 27105,
"latitude": null,
"longitude": null,
"type": "onsite",
"monday": "",
"tuesday": "after school",
"wednesday": "",
"thursday": "",
"friday": "",
"saturday": "8:00-9:00",
"sunday": "1:00",
"frequency": "Weekly",
"phone": "336.777.1113" 
},
{
 "name": "Calvary Baptist Southside Campus",
"street": "2009 Peachtree St.",
"city": "Winston-Salem",
"zip": 27107,
"latitude": null,
"longitude": null,
"type": "onsite",
"monday": "",
"tuesday": "3rd                                       5:00-8:00",
"wednesday": "",
"thursday": "",
"friday": "",
"saturday": "",
"sunday": "",
"frequency": "Weekly",
"phone": "" 
},
{
 "name": "The Salvation Army - Washington",
"street": "1411 S. Broad St.",
"city": "Winston-Salem",
"zip": 27127,
"latitude": null,
"longitude": null,
"type": "onsite",
"monday": "5:00-7:00",
"tuesday": "5:00-7:00",
"wednesday": "5:00-7:00",
"thursday": "5:00-7:00",
"friday": "5:00-7:00",
"saturday": "",
"sunday": "",
"frequency": "4 x per week",
"phone": "" 
},
{
 "name": "Main Street UMC - Bethany Cafe´",
"street": "306 S. Main St.",
"city": "Winston-Salem",
"zip": 27284,
"latitude": null,
"longitude": null,
"type": "onsite",
"monday": "",
"tuesday": "",
"wednesday": "",
"thursday": "",
"friday": "",
"saturday": "3rd                                 11:30-1:00",
"sunday": "",
"frequency": "Monthly",
"phone": "" 
},
{
 "name": "Centenary UMC - HOPE of WS",
"street": "mobile unit various drop sites: lunch bag del'v youth only",
"city": "various",
"zip": null,
"latitude": null,
"longitude": null,
"type": "onsite",
"monday": "",
"tuesday": "",
"wednesday": "",
"thursday": "",
"friday": "",
"saturday": "",
"sunday": "1:00-5:00",
"frequency": "Weekly",
"phone": "" 
} 
]
;
